biont0032,3cd1655e-9a81-300c-a4f0-7b5a40e1a65c
happy2183,d1c4a463-fc5d-456c-a3e7-77b85ecc4a48
wdnmd,fe50cfcd-8d98-381d-8ef4-935e56d7fac8
kukuxiao,8ce0c055-977f-30d4-8ea8-710f22c55d01
sans,983c83d1-16a2-37c4-bfed-829c07ca6ade
ehrlosgaard,398e2bab-971b-3867-9a58-c09c855e2512
yexiao,94519b92-4b6a-3f83-a563-7b4560b45b16
lovemier,ea507694-f78c-307d-a9c2-ee3bdc22b3a1
water_moon,6043e6ba-8232-41a7-ab67-0c47086c83fe
haruitsuki,d6afcc8d-d80a-49fd-aea2-bcfec3e68aba
111,2a386545-f1ff-370e-ab06-1a766a28340a
nekomata_okayu,25fd3a7a-1db5-3693-8965-b3d31e39d00a
xlvergil,4104a4b5-cc3c-3df4-bbc0-34532285e10e
lilium,b94eaf7b-73dd-3bb4-8a06-d6e38d9607fb
syameimaru_zheng,412657e9-1d4b-3875-a2ef-c122d2bdae72
xlxyvergil,3a18f48a-d076-4750-9ab0-2743bf10080f
biont,6c2000eb-aac4-3e69-b539-28b2cdc43853
singularity,6ab8442a-f564-319e-92ff-26685ec7670f
plasma,e910fd69-5a65-37d2-9a2c-1a727d8de258
daotu,e25e6862-f9ff-34d2-8e19-9e508679cd2a
misugi,727f4886-119e-3b2a-b069-a1ff75f0ca2e
unluckylin,001f6fd7-2f8f-475c-a05c-b5c7f3655921
hemacandra0,51bb53c1-6b92-397b-a932-29cc132569a9
